NOME DA LOJA,CEP
Pão de Açúcar - Jardim Paulista (São Paulo),01402-901
Pão De Açúcar - Nova Aliança (Ribeirão Preto),03342-000
Pão de Açúcar - Anália Franco (São Paulo),03342-000
Pão de Açúcar - Alfonso Bovero (São Paulo),05019-011
Pão de Açúcar - Jardim Paulistano (São Paulo),01441-001
Pão de Açúcar - Afonso Brás (São Paulo),03338-020
Pão de Açúcar - Alto Boa Vista (Sorocaba),18013-280
Pão de Açúcar - Centro (Santos),11045-002
Pão de Açúcar (Valinhos),13270-600
Pão de Açúcar - Angélica (São Paulo),01228-100
Pão de Açúcar - Puglisi (Guarujá),11410-001
Pão de Açúcar - Brooklin (São Paulo),04555-001
Pão de Açúcar - Santana (São Paulo),02011-300
Pão de Açúcar (Araçatuba),16015-460
Pão de Açúcar - Cardoso de Almeida (São Paulo),05013-000
Pão de Açúcar - Santo Amaro (São Paulo),04556-500
Pão de Açúcar - Independência (Taubaté),12031-180
Pão de Açúcar - Proença (Campinas),13026-040
Pão de Açúcar - Itaré (São Vicente),11320-000
Pão de Açúcar - Frei Serafim (Teresina),64001-020
Pão de Açúcar - São Cristovão (Teresina),64049-010
Pão de Açúcar - Fátima (Fortaleza),60040-620
Pão de Açúcar - Lago Sul (Brasília),71615-005
Pão de Açúcar - W3 (Brasília),70381-515
Pão de Açúcar - Vaca Brava (Goiânia),74230-010
Pão de Açúcar - Caranda Bosque (Campo Grande),79032-210
Pão de Açúcar - PA Aquarius (São José dos Campos),12246-260
Pão de Açúcar (Uberlândia),38411-106
Pão de Açúcar (Jundiaí),13209-011
Pão de Açúcar (Itú),13309-050
Pão de Açúcar - Piedade (Jabotão dos Guararapes),54410-070
Pão de Açúcar - Náutico (Fortaleza),60165-080
Pão de Açúcar - Ana Rosa (São Paulo),04010-000
Pão de Açúcar - Flamboyant (Goiânia),74810-030
Pão de Açúcar - Tamboré (Santana do Parnaiba),06543-001
Pão de Açúcar - Independência (Ribeirão Preto),14025-230
Pão de Açúcar - Jardins (Aracajú),49025-750
Pão de Açúcar - Pompéia (São Paulo),05023-000
Pão de Açúcar - Shopping (São José dos Campos),12242-000
Pão de Açúcar (Araraquara),14804-300
Pão de Açúcar - Borba Gato (São Paulo),04702-000
Pão de Açúcar - Maria Antônia (São Paulo),01222-010
Pão de Açúcar - Shopping Iguatemi (São Paulo),01489-900
Pão de Açúcar - Joaquim Floriano (São Paulo),01401-002
Pão de Açúcar - Ibirapuera (São Paulo),04028-001
Pão de Açúcar - Praça Panamericana (São Paulo),05461-010
Pão de Açúcar - Center Um (Fortaleza),60150-161
Pão de Açúcar - Sócrates (São Paulo),04671-090
Pão de Açúcar - Portal (São Paulo),05641-020
Pão de Açúcar - São João (Fortaleza),60150-160
Pão de Açúcar - Alphaville (São Paulo),06454-010
Pão de Açúcar - Oscar Freire (São Paulo),01410-002
Pão de Açúcar - Vieira de Morais (São Paulo),04617-014
Pão de Açúcar - L2 Sul (Brasília) Asa Sul,70297-400
Pão de Açúcar - Lago Norte (Brasília),71505-000
Pão de Açúcar - Pedroso (São Paulo),01322-000
Pão de Açúcar - W3 Norte (Brasília),70297-400
Pão de Açúcar - Cocó (Fortaleza),60175-650
Pão de Açúcar - Mucuripe (Fortaleza),60165-081
Pão de Açúcar (Pindamonhangaba),12420-010
Pão de Açúcar (Campos do Jordão),12460-000
Pão de Açúcar - Dr. Sattamini (Rio de Janeiro),20270-231
Pão de Açúcar (Lorena),12606-050
Pão de Açúcar - Miramar (João Pessoa),58040-000
Pão de Açúcar - Bessa (João Pessoa),58037-000
Pão de Açúcar - Paroquia (Rio de Janeiro),22050-002
Pão de Açúcar - Tatuapé (São Paulo),03310-000
Pão de Açúcar - Granja Viana (Cotia),06709-015
Pão de Açúcar - Nova Catareira (São Paulo),02040-070
Pão de Açúcar - Morumbi (São Paulo),05513-300
Pão de Açúcar - Barão Geraldo (Campinas),13084-008
Pão de Açúcar - Rosa e Silva (Recife),52020-220
Pão de Açúcar - Real Parque (São Paulo),05676-120
Pão de Açúcar - Brigadeiro (São Paulo),01317-001
Pão de Açúcar - João de Luca (São Paulo),04367-050
Pão de Açúcar - Siqueira Campos (Rio de Janeiro),22031-070
Pão de Açúcar - Pompeu Loureiro (Rio de Janeiro),22061-000
Pão de Açúcar - Barra (Rio de Janeiro),22640-101
Pão de Açúcar - Recreio (Rio de Janeiro),22640-100
Pão de Açúcar - Barão de Itambi (Rio de Janeiro),22231-000
Pão de Açúcar - Leblon (Rio de Janeiro),22430-220
Pão de Açúcar - Guará (Brasília),71205-080
Pão de Açúcar (Avaré),18700-110
Pão de Açúcar - Voluntários da Pátria (Rio de Janeiro),22270-000
Pão de Açúcar - Vila Leopoldina (São Paulo),05305-011
Pão de Açúcar - Costa Azul (Salvador),41760-000
Pão de Açúcar - Clodomiro Amazonas (São Paulo),04537-002
Pão de Açúcar - Ricardo Jafet (São Paulo),04115-090
Pão de Açúcar - Ingá (Niterói),24210-445
Pão de Açúcar - Panamby (São Paulo),05717-270
Pão de Açúcar - Epit. Pessoa (Santos),11030-600
Pão de Açúcar - Bartolomeu (Santos),11040-000
Pão de Açúcar - Padre Antônio (São Paulo),04563-003
Pão de Açúcar (São Sebastião),11600-000
Pão de Açúcar - Planalto Paulista (São Paulo),04074-010
Pão de Açúcar - Sousas (Campinas),13105-000
Pão de Açúcar - Granja São Camilo (Cotia),06709-150
Pão de Açúcar - Vila Clementino (São Paulo),04042-001
Pão de Açúcar - Vila Romana (São Paulo),05051-000
Pão de Açúcar - Riviera S. Lourenço (Bertioga),11250-000
Pão de Açúcar - Augusto Tolle (São Paulo),02405-000
Pão de Açúcar - Vila Monumento (São Paulo),03338-020
Pão de Açúcar - Mandaqui (São Paulo),"Av. Eng. Caetano Álvares, 6000 - Mandaqui, São Paulo - SP, 02413-100"
Pão de Açúcar - Casa Verde (São Paulo),02512-000
Pão de Açúcar (Piracicaba),13630-115
Pão de Açúcar - Centro (Taubaté),12020-070
Pão de Açúcar - Jabaquara (São Paulo),04308-001
Pão de Açúcar - Teodoro Sampaio (São Paulo),05405-200
Pão de Açúcar - Corá (São Paulo),05059-000
Pão de Açúcar - Tejereba (Guarujá),11440-000
Pão de Açúcar - Águas Claras (Brasília),71925-180
Pão de Açúcar - Parque Prado (Campinas),13042-105
Pão de Açúcar - Buena Vista (Fortaleza),60811-341
Pão de Açúcar - T63 (Goiânia),74230-042
Pão de Açúcar - Maria Amália (São Paulo),02350-000
Pão de Açúcar - Alphaville II Residencial (Santana do Parnaíba),06541-005
Pão de Açúcar - Dom Severino (Teresina),64048-400
Pão de Açúcar - Bady Bassit (São José do Rio Preto),15025-000
Pão de Açúcar - Abílio Soares (São Paulo),04005-001
Pão de Açúcar - Barão de Itapura (Indaiatuba),13334-085
Pão de Açúcar - Centro (São José do Rio Preto),15015-400
Pão de Açúcar - Panamericana II (São Paulo),05461-000
Pão de Açúcar - Washington Luiz (São Paulo),04627-001
Pão de Açúcar - Shopping JD. Sul (São Paulo),05716-070
Pão de Açúcar - Damha (São José do Rio Preto),15061-768
Pão de Açúcar - Jequitimar (Guarujá),11444-000
Pão de Açúcar - Maracatins (São Paulo),04089-015
Pão de Açúcar - José Menino (Santos),11065-200
Pão de Açúcar - Jd Estoril (Bauru),17010-250
Pão de Açúcar - Araujo Leite (Bauru),17012-055
Pão de Açúcar - Lavandisca (São Paulo),04515-010
Pão de Açúcar - Clodomiro (São Paulo),04537-002
Pão de Açúcar - Carneiro Cunha (São Paulo),04144-000
Pão de Açúcar - Santa Filomena (São Bernardo do Campo),09710-060
Pão de Açúcar - Dr. César (São Paulo),02013-004
Pão de Açúcar - Barão de Itapura (Campinas),13073-300
Pão de Açúcar - André Figueiras (Santo André),09090-060
Pão de Açúcar (São Caetano do Sul),09541-001
Pão de Açúcar (Marília),17501-090
Pão de Açúcar (Botucatu),18600-200
Pão de Açúcar (Ourinhos),19907-510
Pão de Açúcar (Limeira),13482-220
Pão de Açúcar - Icaraí (Niterói),24230-251